Ciudad,Estado_Geo,Anio,Mes,Lat,Lon
Coyoacán,Ciudad de México,2025,11,19.307140118847364,-99.01289044864654
El Limón,Jalisco,2025,12,21.11021430640992,-103.14532023190078
Benito Juárez,Ciudad de México,2025,8,19.664593941811408,-99.4202358384911
Santa Catarina,Nuevo León,2025,11,25.690858484197037,-100.35982852441323
Chimalhuacán,México,2025,10,19.011318640442436,-100.14115533433211
Tequisquiapan,Querétaro,2025,10,23.255994520336206,-102.6494124411934
Cuauhtémoc,Ciudad de México,2025,10,18.9906836121682,-99.04328231314537
Guadalajara,Jalisco,2025,9,21.025676145774938,-103.45715595490027
Morelia,Michoacán,2025,12,19.66761501174321,-101.76932507797628
Mérida,Yucatán,2025,9,23.808072577796047,-102.09584130550626
Guadalupe,Nuevo León,2025,10,25.112784494295802,-100.1479445329767
Guadalupe,Nuevo León,2026,1,26.062109852161992,-99.98221051084019
Zapotlán El Grande,Jalisco,2025,10,20.991942640800424,-103.06574698725886
Torreón,Coahuila De Zaragoza,2025,12,23.312339110678277,-102.60345721767872
Mexicali,Baja California,2025,8,30.522424967207098,-115.16171329977213
Mazatlán,Sinaloa,2025,11,23.283404509853437,-102.13763629125326
Mazatlán,Sinaloa,2025,8,23.40424224295954,-102.05047937634235
Dolores Hidalgo Cuna De La Independencia Nacional,Guanajuato,2025,12,21.043756431632236,-101.61032651907097
Tizayuca,Hidalgo,2025,9,23.531945018642116,-102.07341237483851
Tala,Jalisco,2025,11,20.450729140198042,-103.35728370692047
Morelia,Michoacán,2025,11,19.67835289472238,-101.94855561170104
Guadalajara,Jalisco,2025,10,20.298993860652043,-103.39026424376173
Morelia,Michoacán,2025,11,19.35864464853522,-101.22676742471452
Tianguistenco,México,2025,12,19.221661843293692,-99.66308190600712
Tonalá,Jalisco,2025,12,20.615569984217036,-103.52064838971249
Matamoros,Tamaulipas,2025,12,23.885175961393013,-102.36659914568327
Tecámac,México,2025,10,19.05497378215836,-99.91555438122181
Tlajomulco De Zúñiga,Jalisco,2025,12,20.673734438413614,-103.77353667189134
El Limón,Jalisco,2025,10,20.751914568862045,-103.72052027808935
El Salto,Jalisco,2025,8,20.20595041272,-103.72135416104223
Tijuana,Baja California,2025,11,30.948144851901436,-115.6318973064877
Bahía De Banderas,Nayarit,2025,8,23.27052412368729,-102.86117282735059
Tarímbaro,Michoacán,2025,10,19.131551592985282,-101.56592525519679
Guadalupe,Nuevo León,2025,9,26.04108553725333,-100.31431991560086
Zacapu,Michoacán,2025,9,20.03213203307456,-101.86113271667614
Uruapan,Michoacán,2025,11,19.874897348116463,-101.31001159009399
Aguascalientes,Aguascalientes,2025,12,23.404613769173373,-102.52603835973713
Progreso De Obregón,Hidalgo,2025,10,23.197672114006384,-102.33244226147897
Valle Hermoso,Tamaulipas,2025,12,23.784233026512158,-102.82768012879836
Tonalá,Jalisco,2025,8,20.5996524937396,-103.65711098119134
Hermosillo,Sonora,2025,10,23.22203823484478,-102.95913138373352
Iztacalco,Ciudad de México,2026,1,19.42777691011127,-99.46426493692783
Coacalco De Berriozábal,México,2025,9,18.889688521115218,-99.87710966096803
Mixquiahuala De Juárez,Hidalgo,2025,11,24.009320402078785,-102.82298951572325
Tijuana,Baja California,2025,10,30.599379981600016,-115.69509746624294
Morelia,Michoacán,2025,11,19.729022284353984,-102.0861641288994
Zitácuaro,Michoacán,2025,12,19.37821107608941,-101.74602123196728
Pachuca De Soto,Hidalgo,2025,11,23.62006802117781,-102.79366628159421
Gustavo A. Madero,Ciudad de México,2025,8,19.47931027934328,-99.26893013895193
Guadalajara,Jalisco,2025,12,20.34435445552553,-103.34598272914515
San Luis Potosí,San Luis Potosí,2025,11,24.06958462776456,-102.30960517137063
Chicoloapan,México,2025,12,19.630432823361115,-100.1163878601589
Azcapotzalco,Ciudad de México,2025,8,19.87209894156419,-98.83378960109096
Venustiano Carranza,Ciudad de México,2025,8,19.827427350427648,-99.0052996105091
San Luis Potosí,San Luis Potosí,2025,11,23.697899978811087,-102.91824096805112
Chimalhuacán,México,2025,9,19.777174235023118,-99.28212137589321
Mexicali,Baja California,2025,9,30.42909250205192,-114.86292759946818
Chihuahua,Chihuahua,2025,11,23.295982862419148,-102.93892204014513
Morelia,Michoacán,2025,12,19.11172728891054,-101.9299223518528
Tuxtla Gutiérrez,Chiapas,2025,12,23.425330330763266,-102.19379872020694
La Magdalena Tlaltelulco,Tlaxcala,2025,8,23.488677289689484,-102.25174030961634
Zapopan,Jalisco,2025,12,20.430849031773896,-103.66487898064362
Hermosillo,Sonora,2025,11,23.92873750915193,-102.79065067666329
Zapopan,Jalisco,2025,11,20.51625332669359,-103.47892789720862
Zapopan,Jalisco,2025,9,20.440434509687382,-103.36487701480898
León De Los Aldama,Guanajuato,2025,11,21.061696083158246,-101.13914522846972
Juárez,Chihuahua,2025,11,23.240924224974766,-102.63108636043023
Ecatepec De Morelos,México,2025,10,19.65749698075404,-99.69316528386685
Ecatepec De Morelos,México,2025,11,18.92985064367977,-99.40822906186624
Gustavo A. Madero,Ciudad de México,2025,10,19.919486936600517,-99.5965167971094
Chilapa De Álvarez,Guerrero,2025,8,23.87224476929666,-102.74756305565597
Cuautitlán Izcalli,México,2025,9,19.05401568153417,-99.44235041411544
Puerto Vallarta,Jalisco,2025,8,20.165022117123605,-102.9541931623128
Cuauhtémoc,Zacatecas,2025,11,23.915461428454837,-102.48832255788433
Benito Juárez,Ciudad de México,2025,9,19.639457343847617,-99.10108651473469
Guadalajara,Jalisco,2025,10,20.888507168040988,-103.74222798866023
Guadalupe,Nuevo León,2025,11,25.863470346685943,-100.04878763317654
Tianguistenco,México,2025,12,18.92934465173409,-99.62308273354498
Coyotepec,México,2025,9,19.21376572854427,-99.91322949636526
Degollado,Jalisco,2025,9,20.275369059525133,-103.58015676905062
Azcapotzalco,Ciudad de México,2025,9,19.795703425875594,-99.25591583689538
Durango,Durango,2025,12,23.723298126827558,-102.97992880222228
Venustiano Carranza,Michoacán,2025,9,19.39739802485265,-101.88472083441683
Puebla,Puebla,2025,10,23.163558350286024,-102.78855199300345
Trinidad Zaachila,Oaxaca,2025,12,23.410982321715665,-102.67250264782209
Tepic,Nayarit,2025,11,23.425183322026747,-102.88023786818074
San Pedro Garza García,Nuevo León,2025,11,25.82180617833806,-99.60567271926011
Heroica Ciudad De Huajuapan De León,Oaxaca,2025,10,23.737557471355213,-102.40640754644595
Matamoros,Tamaulipas,2025,8,23.98721274257633,-102.32089768085551
León De Los Aldama,Guanajuato,2025,8,20.991214925161948,-100.96822876139267
La Paz,Baja California Sur,2025,10,23.219594245938303,-102.50155780107094
San Luis Potosí,San Luis Potosí,2025,11,23.813244787222995,-102.91307971191257
Ecatepec De Morelos,México,2025,9,19.616085048616895,-99.61859345818145
Cuautitlán Izcalli,México,2025,9,19.416577197569495,-99.56885888197911
Torreón,Coahuila De Zaragoza,2025,10,23.87096717995456,-102.25456052581568
Juárez,Nuevo León,2025,12,25.585995596364388,-100.06454045377032
Jitotol,Chiapas,2025,11,23.622732829381995,-102.87241969720444
Orizaba,Veracruz,2025,8,23.52754101835855,-102.71622409420128
Zapopan,Jalisco,2025,12,20.184919126744095,-103.48631770360137
Chimalhuacán,México,2025,10,18.963191426993305,-99.5097827586684
Iztapalapa,Ciudad de México,2025,11,18.964029185686734,-99.0624216953311
Tlajomulco De Zúñiga,Jalisco,2025,8,20.795910411263783,-103.49330327410216
Durango,Durango,2025,11,23.414355981076326,-102.01348475120702
Puebla,Puebla,2025,10,23.608570691164704,-102.39422518064312
Zapopan,Jalisco,2025,11,21.067066473926094,-103.61217320826401
Camargo,Chihuahua,2025,12,23.349292229148876,-102.8982175273796
Ecatepec De Morelos,México,2025,11,19.26568292303563,-100.00284086081567
San Luis Potosí,San Luis Potosí,2025,8,23.85555113854305,-102.75404227161549
Santa María Del Río,San Luis Potosí,2025,9,23.328798165491623,-102.83931862674045
Villagrán,Guanajuato,2025,10,20.59597990982879,-101.5708329759487
Guaymas,Sonora,2025,11,23.38975145291377,-102.71490483130616
Mexicali,Baja California,2025,11,30.501821287254003,-115.61042640470525
Durango,Durango,2025,10,24.029697652342573,-102.10323457537358
Ecatepec De Morelos,México,2025,9,19.663420379564418,-100.07546625433835
Comalcalco,Tabasco,2025,12,23.733403756510423,-102.47548861042975
Cuajinicuilapa,Guerrero,2025,8,23.971460590187718,-102.58960317301033
Ecatepec De Morelos,México,2025,12,19.658972076899115,-99.17332138309139
Cocotitlán,México,2025,8,19.041870058886037,-100.04366109783194
Teloloapan,Guerrero,2025,11,23.99255899848998,-102.60214440095426
Los Reyes,Michoacán,2025,10,19.605842241915653,-101.23732956672463
Nacajuca,Tabasco,2025,8,23.907440155164064,-102.13449287410602
Tijuana,Baja California,2025,10,31.236691299923493,-114.96672792905072
Iztapalapa,Ciudad de México,2025,10,19.250603474971864,-99.37529717295506
Huixquilucan,México,2025,11,18.965351924527678,-99.98481241260993
Reynosa,Tamaulipas,2025,11,23.327935162541944,-102.33135678007557
Otzolotepec,México,2025,9,19.282407788626255,-99.2263240108724
Tampico,Tamaulipas,2025,12,23.918014765922493,-102.44323710698607
Cuajimalpa De Morelos,Ciudad de México,2025,11,19.793330583256346,-99.0615873105301
Tulum,Quintana Roo,2025,8,23.10695213053119,-102.72002090633971
Irapuato,Guanajuato,2025,10,21.029747302577565,-100.98790706680806
El Limón,Jalisco,2025,12,20.57691100314878,-103.66235625144247
Zapopan,Jalisco,2025,12,20.381607810470733,-103.52572076359576
Álvaro Obregón,Ciudad de México,2025,12,19.052465367333685,-99.20776356138359
Morelia,Michoacán,2025,9,19.404115171403628,-101.69918962131554
San Pedro Tlaquepaque,Jalisco,2025,12,21.10240970391252,-103.60699026758492
La Magdalena Contreras,Ciudad de México,2026,2,19.255802932020757,-99.5183631752608
Tonalá,Jalisco,2025,10,20.67829062174337,-103.23877995755836
Aguascalientes,Aguascalientes,2025,12,23.80301895889518,-102.71136944675975
Gómez Palacio,Durango,2025,12,23.463629602379296,-102.41876177857739
Zacatlán,Puebla,2025,8,24.07178208272096,-102.8456372847258
Acapulco De Juárez,Guerrero,2025,10,24.062447294942114,-102.51885989814518
Xochimilco,Ciudad de México,2025,10,19.184382295825365,-99.10061056744841
Tijuana,Baja California,2025,11,30.837848505892385,-115.73197646317757
Papalotla De Xicohténcatl,Tlaxcala,2025,11,23.400878309816772,-102.66339572180608
Tláhuac,Ciudad de México,2025,12,19.217440494377467,-99.49878532306103
Querétaro,Querétaro,2025,11,23.136886947354533,-102.93662502952724
General Enrique Estrada,Zacatecas,2025,9,23.7095643339799,-102.01003976761005
Ojinaga,Chihuahua,2025,10,23.602679023228863,-102.67764615502527
Tula De Allende,Hidalgo,2025,10,23.15147875124999,-102.19012555414537
Guachinango,Jalisco,2025,8,20.438146464236613,-103.59475934523624
Tepic,Nayarit,2025,10,24.008265885966654,-102.31849727777607
Gustavo A. Madero,Ciudad de México,2025,9,19.172161890666974,-98.87297214011032
Tlajomulco De Zúñiga,Jalisco,2025,10,20.304394872091223,-103.25376125939216
Xalapa,Veracruz,2026,1,23.589452760277563,-102.52842381144984
Nezahualcóyotl,México,2025,9,19.8409504541106,-99.74385908585273
Moroleón,Guanajuato,2025,11,20.7610552715115,-101.40853173345701
Ahome,Sinaloa,2025,11,23.77213554740588,-102.07047085575218
Tala,Jalisco,2025,12,20.92111961532872,-103.01878059221228
Morelia,Michoacán,2025,9,19.3041375439924,-101.24177308933349
Tlalnepantla De Baz,México,2025,8,19.58351634861186,-100.03140277651445
Chignahuapan,Puebla,2025,10,23.467783132719255,-102.26913252479636
El Marqués,Querétaro,2025,10,23.73230583059358,-102.06165954317896
Tijuana,Baja California,2026,1,30.97412971076089,-115.60256693383434
Morelia,Michoacán,2025,11,19.60227468407476,-102.14030373263323
Aculco,México,2025,8,18.945589770054408,-99.41457935070994
Cuauhtémoc,Ciudad de México,2025,11,19.76790249558924,-99.0587268868201
León De Los Aldama,Guanajuato,2025,12,20.839780064971734,-100.91557122324173
Uruapan,Michoacán,2025,8,19.253018510399855,-102.06702762337372
Playas De Rosarito,Baja California,2025,12,30.381375141554763,-114.98853268814011
Tepic,Nayarit,2025,9,23.690892943188242,-102.79837267995225
Tuxtla Gutiérrez,Chiapas,2025,12,23.777564361842284,-102.8363440571343
Cadereyta Jiménez,Nuevo León,2026,1,25.108787828927856,-100.33193420206901
La Paz,México,2025,10,19.36739305829928,-99.34112527976862
Cuautitlán Izcalli,México,2025,8,19.08179577519794,-99.4905027793038
Chicoloapan,México,2025,11,19.50047279040945,-99.63263457523088
León De Los Aldama,Guanajuato,2025,10,20.69336642900499,-101.3985695158765
Victoria,Tamaulipas,2025,12,23.790937738102468,-102.1227994591869
Pichucalco,Chiapas,2025,11,23.486735346300538,-102.60755489257737
Matamoros,Tamaulipas,2025,9,24.036729988736734,-102.18340056052843
Nogales,Sonora,2025,11,23.237520944145995,-102.56086509142978
Juárez,Chihuahua,2025,11,23.44106635105026,-102.62305557057509
Tlalpan,Ciudad de México,2025,11,19.04607352124059,-99.1705202143304
Miguel Hidalgo,Ciudad de México,2025,12,19.857293618278565,-99.33182212583586
Nuevo Laredo,Tamaulipas,2025,12,23.977339353380984,-102.25239061982374
Río Blanco,Veracruz,2025,12,23.357941627715157,-102.49727960990752
Zapopan,Jalisco,2025,12,20.81948404603418,-103.61718730485319
Santa Catarina,Nuevo León,2025,12,25.909422200201213,-99.59662542672544
Torreón,Coahuila De Zaragoza,2025,11,23.655200811599464,-102.6161087786268
San Pedro Mixtepec -Dto. 22 -,Oaxaca,2025,9,23.629650578356006,-102.456447138886
Querétaro,Querétaro,2025,11,23.34185229090045,-102.09352788903546
Saltillo,Coahuila De Zaragoza,2025,11,23.1931027678059,-102.37576200408601
Tijuana,Baja California,2025,11,31.237815757953324,-115.66690195929164
Yautepec,Morelos,2025,11,24.000418057163333,-102.06016787638653
Zapopan,Jalisco,2025,10,20.792601457273268,-103.22169194692859
Tezontepec De Aldama,Hidalgo,2025,9,23.439029791048704,-102.66509438534291
Culiacán,Sinaloa,2025,11,23.449209574612663,-102.86072792733661
Benito Juárez,Quintana Roo,2025,10,23.82595567887024,-102.2059748107297
Cuauhtémoc,Chihuahua,2025,11,23.997110259952578,-102.37992724407148
Tijuana,Baja California,2025,11,31.227686424265116,-115.25033890802368
Reynosa,Tamaulipas,2025,11,23.879875545857626,-102.10610741694904
Apaseo El Alto,Guanajuato,2025,11,21.161031646154285,-100.96880278877548
Venustiano Carranza,Ciudad de México,2025,12,19.01673996499505,-99.48152512026725
Álvaro Obregón,Ciudad de México,2025,11,19.094228714094616,-99.32147793220446
Comalcalco,Tabasco,2025,12,23.99855418852708,-102.75151086018553
Zapopan,Jalisco,2025,10,20.76592905965959,-103.10545370742733
Puerto Vallarta,Jalisco,2025,10,20.168697051616633,-103.81586756526423
Tijuana,Baja California,2025,8,30.44207154286603,-115.21391031512869
Medellín De Bravo,Veracruz,2025,9,23.763501769108057,-102.2375413142593
Tala,Jalisco,2025,12,20.16456158384622,-102.97263436323826
Mexicali,Baja California,2025,10,30.501408051417496,-115.44171825128409
Chimalhuacán,México,2025,12,19.404033789366586,-99.33444269532798
Calnali,Hidalgo,2025,9,23.791895197692696,-102.88936826304479
Tonalá,Jalisco,2025,11,20.8114612595026,-103.00294770826548
Las Choapas,Veracruz,2025,10,23.32426930946056,-102.87251133766802
Chihuahua,Chihuahua,2025,12,23.812179221347538,-102.60271270943963
Guadalupe,Zacatecas,2025,11,23.3372490874968,-102.20270463422045
Valle Hermoso,Tamaulipas,2026,1,23.425399698159268,-102.85008257265123
Morelia,Michoacán,2025,12,19.812991405118026,-101.97754860476736
Tijuana,Baja California,2025,11,30.990232899047214,-115.06154743160694
Querétaro,Querétaro,2025,11,23.94922341049418,-102.27996346345392
Tlalnepantla De Baz,México,2025,11,19.512912892300342,-99.5145523671147
Celaya,Guanajuato,2025,11,21.08730860333547,-101.06345155553291
Villa De Tamazulápam Del Progreso,Oaxaca,2025,10,23.193674767828092,-102.4572755566524
Yautepec,Morelos,2026,2,23.467715803059434,-102.74820094109305
Tijuana,Baja California,2025,8,30.605802367681726,-115.43810400649608
Morelia,Michoacán,2025,12,19.310489643379086,-102.02520228319858
Soconusco,Veracruz,2025,12,24.073010554752447,-102.09154943866638
San Luis Río Colorado,Sonora,2025,11,23.49309772466676,-102.41660820523389
Tuxtla Gutiérrez,Chiapas,2026,2,23.992046555177115,-102.59914858323636
Tijuana,Baja California,2025,12,30.97173862599726,-115.32179419635587
Ascensión,Chihuahua,2025,12,23.89481130354165,-102.05271666038819
Nezahualcóyotl,México,2025,9,19.357937093105193,-100.00234859688392
Acuña,Coahuila De Zaragoza,2026,2,23.67690388462636,-102.4137701679832
León De Los Aldama,Guanajuato,2025,8,21.011517693818863,-101.25151132111554
León De Los Aldama,Guanajuato,2025,9,20.71424298779804,-101.14594576456535
Cuautitlán Izcalli,México,2025,10,19.577752115261504,-100.13758981617916
Morelia,Michoacán,2025,11,19.347272362440858,-101.33467609105585
Culiacán,Sinaloa,2025,11,23.124315966431457,-102.06788171751639
Querétaro,Querétaro,2025,11,23.74547229590717,-102.43486681641079
Indaparapeo,Michoacán,2025,11,19.243610679407052,-101.51014917612311
Azcapotzalco,Ciudad de México,2026,1,19.873058584352915,-98.71070061882271
Zapopan,Jalisco,2025,9,21.113428577002587,-103.1421613656866
Aguascalientes,Aguascalientes,2025,10,24.01486439022045,-102.84746095708574
Juan C. Bonilla,Puebla,2025,11,23.470158700255446,-102.42371163983319
Chihuahua,Chihuahua,2025,10,23.115456616528867,-102.39328495361714
Ánimas Trujano,Oaxaca,2025,9,24.028318562587728,-102.57586932869762
La Magdalena Contreras,Ciudad de México,2025,11,19.360784148317315,-98.89675576437529
Nuevo Laredo,Tamaulipas,2025,11,24.06665481904367,-102.06563298523099
Cuauhtémoc,Ciudad de México,2025,11,19.896219977089252,-98.70763148709322
Mexicali,Baja California,2025,9,31.19360945546736,-115.33296062859587
Culiacán,Sinaloa,2025,9,23.394448892069587,-102.88676195415924
La Paz,México,2025,12,19.240397728601923,-99.17085880103767
Mineral De La Reforma,Hidalgo,2025,10,23.95113667151686,-102.16110191355406
La Huerta,Jalisco,2025,11,20.47642200515628,-103.72473731879674
Hermosillo,Sonora,2025,12,23.269492746686094,-102.07915811738263
Cuautitlán,México,2025,11,19.41210126245835,-99.28580363793787
Othón P. Blanco,Quintana Roo,2025,12,24.03615477416078,-102.48116194287392
León De Los Aldama,Guanajuato,2025,9,21.215029796674973,-101.16612456425507
Otzolotepec,México,2025,9,19.425361170089364,-99.75669729612987
Tlajomulco De Zúñiga,Jalisco,2025,10,20.25667649377077,-103.79463836117797
Tizayuca,Hidalgo,2025,11,23.71500722669917,-102.6648027583541
Guadalupe,Nuevo León,2025,9,26.082253850104262,-99.69334655140199
Tequixquiac,México,2025,12,18.995384015236525,-100.15106797699539
Ocotlán,Jalisco,2025,9,20.677829652363737,-103.51590082830886
Culiacán,Sinaloa,2025,10,23.977373071927957,-102.60183130640905
Azcapotzalco,Ciudad de México,2025,8,19.673368617754207,-99.09580439706208
San Mateo Atenco,México,2025,12,19.55231574099527,-99.23584438358724
Tultitlán,México,2025,10,19.55778408398711,-99.80935400563403
Puebla,Puebla,2025,10,23.45949115121976,-102.65304679810377
Aguascalientes,Aguascalientes,2025,9,23.393591844264495,-102.26249875189025
Nezahualcóyotl,México,2025,9,19.664661155478512,-99.70348205911019
Caborca,Sonora,2025,12,23.910113394679183,-102.77539517706002
León De Los Aldama,Guanajuato,2025,9,21.3860723185801,-101.3049604838673
Guadalajara,Jalisco,2025,9,21.07274055255647,-103.7085429796202
Ensenada,Baja California,2025,12,30.851942398860935,-115.60741301349378
Gustavo A. Madero,Ciudad de México,2025,12,19.4341162946872,-99.13483222726052
Morelia,Michoacán,2025,11,19.864795178966776,-101.78787455049546
Tingambato,Michoacán,2025,11,19.716463930777767,-101.2919540989319
León De Los Aldama,Guanajuato,2025,12,21.220966877257702,-101.39500610088336
Monterrey,Nuevo León,2025,12,25.8879926694361,-99.91561164972195
Acapulco De Juárez,Guerrero,2025,8,23.990005341817568,-102.36773571208047
San Mateo Atenco,México,2025,12,19.193295156851537,-100.14260554341166
Manzanillo,Colima,2025,12,23.475582952639947,-102.3364626279833
Tuxpan,Michoacán,2025,11,19.16048193984087,-102.02876403313024
Xalapa,Veracruz,2025,11,23.678280140996176,-102.03892968253055
León De Los Aldama,Guanajuato,2025,12,20.55494227379674,-101.60873727224688
Morelia,Michoacán,2025,11,19.532098018132462,-101.79217587627298
Valle De Chalco Solidaridad,México,2025,9,19.397944634707578,-100.07035033192135
Playas De Rosarito,Baja California,2025,11,30.627141252128283,-114.78692574815405
Xalapa,Veracruz,2025,12,23.69083326056901,-102.49780498966875
Tecámac,México,2025,9,18.88580024993905,-99.56031498267996
Parras,Coahuila De Zaragoza,2026,2,23.137348188749215,-102.93292352261157
Villa De Zaachila,Oaxaca,2025,11,23.92260056065966,-102.25003952960083
Centro,Tabasco,2025,10,23.460190641411263,-102.79009440690442
Cuauhtémoc,Ciudad de México,2026,2,19.059660512651885,-98.7351457105593
Durango,Durango,2025,10,23.622243260054805,-102.794860359518
Guadalajara,Jalisco,2025,11,20.929493553098613,-103.65871227933634
Córdoba,Veracruz,2025,8,23.315821027496845,-102.96345033215191
Tototlán,Jalisco,2025,11,20.782390475819003,-103.37733305489
Tonalá,Jalisco,2025,11,20.244847464993768,-103.28455886673738
Zapopan,Jalisco,2025,8,20.211181721168607,-103.78369136057165
Zamora,Michoacán,2025,9,19.59785463156815,-101.43127238330499
Santa Lucía Del Camino,Oaxaca,2025,10,23.640635121610106,-102.54671116525198
Guadalajara,Jalisco,2025,11,20.796929901498206,-103.32500973067242
Guaymas,Sonora,2025,12,23.826091333722662,-102.55923725306177
Xochimilco,Ciudad de México,2025,11,19.908452079462535,-99.23243693912468
Naucalpan De Juárez,México,2025,11,19.371600348301197,-99.59605966869178
Nezahualcóyotl,México,2025,12,19.178256472941246,-100.00045975406928
Tonalá,Jalisco,2025,12,20.954686194768705,-103.66747186950474
Corregidora,Querétaro,2025,10,23.370832251262076,-102.13821437898648
Guadalajara,Jalisco,2025,9,20.598471420705636,-102.90328453786637
Tijuana,Baja California,2025,12,30.419056381342266,-115.41049068372024
Cuauhtémoc,Ciudad de México,2025,10,18.95795074341546,-99.36245532685645
Comitán De Domínguez,Chiapas,2025,11,24.062648414677927,-102.35600045676098
Celaya,Guanajuato,2026,1,21.354980120512206,-101.34866582890191
El Marqués,Querétaro,2025,10,23.7959742060937,-102.97461364433966
Tarímbaro,Michoacán,2025,10,19.475452944414272,-102.05064740263381
Tapachula,Chiapas,2025,11,23.273294320070846,-102.28402777115261
Coyoacán,Ciudad de México,2025,12,19.089037042671087,-98.97427605808986
Guasave,Sinaloa,2025,10,23.3502428981646,-102.97290400749651
León De Los Aldama,Guanajuato,2025,10,21.06822666470612,-101.53542783806705
San Bartolo Coyotepec,Oaxaca,2025,12,23.814595922700065,-102.76892520341192
Tultepec,México,2025,12,19.515497376717732,-99.48380725640126
Tijuana,Baja California,2025,11,30.62053389694594,-115.76408946224564
Durango,Durango,2025,11,24.054865280663197,-102.89589141801542
Tlalnepantla De Baz,México,2025,11,19.593196916695767,-99.35578391462681
Guasave,Sinaloa,2025,10,23.6543540525114,-102.82145533794566
Boca Del Río,Veracruz,2025,12,23.711720746234352,-102.34725389214813
Durango,Durango,2025,11,23.51960006242779,-102.76181721895327
Zapopan,Jalisco,2025,8,20.40723098950116,-103.74995860724066
Benito Juárez,Quintana Roo,2025,10,23.455972678651264,-102.75682780900054
Tijuana,Baja California,2025,10,31.09844611046437,-115.06153306814434
Nezahualcóyotl,México,2025,11,18.869693488629757,-99.30000353189371
Tijuana,Baja California,2025,8,30.456672640506916,-114.95358013543301
Cuernavaca,Morelos,2025,10,23.146002642021756,-102.60281647038154
Tizayuca,Hidalgo,2025,11,23.14072880231897,-102.33191486342935
Chilpancingo De Los Bravo,Guerrero,2025,12,23.955460584011007,-102.79501570458417
Tepatitlán De Morelos,Jalisco,2025,12,20.863157859380024,-103.55625226973899
Tacámbaro,Michoacán,2025,9,19.540673829087325,-101.31046418147888
Durango,Durango,2025,12,23.197834160651002,-102.98699807648926
Chimalhuacán,México,2025,8,19.34691587511683,-100.07019146914553
Tláhuac,Ciudad de México,2025,10,19.406071770780567,-99.42531374485398
San Pedro Tlaquepaque,Jalisco,2025,9,20.332701869910018,-103.82286779612619
Aguascalientes,Aguascalientes,2025,8,23.533851649237974,-102.8185645649102
Mineral De La Reforma,Hidalgo,2025,9,23.498504734397375,-102.41695843903031
Mexicali,Baja California,2025,10,30.956450098052215,-115.3623754494075
Chihuahua,Chihuahua,2025,12,23.735093650867647,-102.10732828892303
Tijuana,Baja California,2025,10,30.385904009772045,-114.96635643826156
Nezahualcóyotl,México,2025,11,19.22991261462647,-99.81388264830213
Durango,Durango,2025,10,23.72585991571424,-102.7405765665687
Buenaventura,Chihuahua,2025,10,23.60313625858009,-102.62030759183273
San Felipe Del Progreso,México,2025,9,19.71178984118832,-99.5654050574852
Culiacán,Sinaloa,2025,9,23.758693631618947,-102.73193635917713
Hidalgo,Michoacán,2025,11,19.22943442708143,-101.58265109215087
Tlaxcala,Tlaxcala,2025,9,23.17056874740043,-102.59058834780876
Anáhuac,Nuevo León,2025,12,25.734619278206313,-99.94415281914802
Villa De Tamazulápam Del Progreso,Oaxaca,2025,11,23.126511310541623,-102.56387347086468
Mazatlán,Sinaloa,2025,8,23.685775581273464,-102.70553424045808
Tala,Jalisco,2025,11,21.099730241424957,-102.90094669303785
Monclova,Coahuila De Zaragoza,2025,12,23.67547417787588,-102.23639420584024
Juchitepec,México,2025,9,19.243469926206522,-100.01558682423354
Poza Rica De Hidalgo,Veracruz,2025,10,23.743288218442355,-102.13153202410209
Metepec,Hidalgo,2025,10,23.558252890491516,-102.51256880175049
Puerto Vallarta,Jalisco,2025,8,20.705116789315937,-102.95484777310591
Tonalá,Jalisco,2025,11,21.100964808776528,-103.04954474405268
Apodaca,Nuevo León,2025,11,25.478302637800773,-100.07098649553078
Ixtlahuaca,México,2025,9,19.816490563823915,-100.13323069167988
Tuxtla Gutiérrez,Chiapas,2025,9,24.005350641956063,-102.73132264061505
Solidaridad,Quintana Roo,2025,10,23.295791134789297,-102.45836578533914
Tlajomulco De Zúñiga,Jalisco,2025,12,20.228861300875167,-103.21592178017386
Monterrey,Nuevo León,2025,11,25.192978001377426,-100.2383123145668
Torreón,Coahuila De Zaragoza,2025,12,23.118221825651553,-102.86064392592718
Santa María Huatulco,Oaxaca,2025,11,23.19444296075593,-102.1650697632007
Morelia,Michoacán,2025,11,19.749506773416357,-101.22239781929645
Torreón,Coahuila De Zaragoza,2025,9,23.17118864846023,-102.47430981769732
Tijuana,Baja California,2025,12,30.65957563029376,-115.6121207141517
Xalisco,Nayarit,2025,8,23.944875310969454,-102.72769267348063
Zapopan,Jalisco,2025,10,20.182771935735826,-103.83100932345253
Rosario,Sinaloa,2025,11,23.914468482588937,-102.0857011934395
Santa Cruz De Juventino Rosas,Guanajuato,2025,12,20.8008547747734,-101.63964891710987
Cuautitlán,México,2025,10,18.973464827621655,-99.57918352448574
Mexicali,Baja California,2025,11,31.03733716536415,-115.5097447793128
León De Los Aldama,Guanajuato,2025,10,21.147942846779884,-101.2032219974842
Guadalajara,Jalisco,2025,8,21.036972013527055,-103.19797961164814
El Salto,Jalisco,2025,9,20.894571043803886,-103.0196581962928
Tijuana,Baja California,2025,11,31.144080930384845,-115.5773787282394
Iztacalco,Ciudad de México,2025,11,19.214634572571306,-99.62220417134152
Tepic,Nayarit,2025,8,23.277439543779725,-102.8631143699312
Cajeme,Sonora,2025,11,23.850614751640858,-102.0999813581519
Zapopan,Jalisco,2025,10,20.966334739267264,-102.97550992243748
Juárez,Chihuahua,2025,11,24.090505142000676,-102.40258689782969
Tuxtla Gutiérrez,Chiapas,2025,12,23.51261767691143,-102.39948313956634
León De Los Aldama,Guanajuato,2025,8,20.89101808579278,-101.09236332545375
Villagrán,Guanajuato,2025,9,21.295412960741995,-101.58202872137656
Tijuana,Baja California,2025,11,30.681403540253015,-114.86938805407505
Tingambato,Michoacán,2025,11,19.997257325603567,-101.78802947510793
Tijuana,Baja California,2025,8,31.19901275184301,-115.4006614717505
Río Blanco,Veracruz,2025,12,23.52899402737502,-102.48108229471717
Salamanca,Guanajuato,2025,12,21.269871067791495,-101.71043403322494
Guadalajara,Jalisco,2025,11,20.914042874084682,-103.68311663124392
Tangancícuaro,Michoacán,2025,8,19.169623868835934,-101.46876638357364
Allende,Nuevo León,2026,2,25.994752906679565,-100.41340133207487
Tuxpan,Michoacán,2025,10,19.571752372447857,-101.60364789053361
Puebla,Puebla,2025,10,23.926457466107742,-102.75465089031869
Durango,Durango,2025,10,23.420049601030613,-102.61070438595803
Saltillo,Coahuila De Zaragoza,2025,12,23.995523228496204,-102.7113062632293
San Pedro Tlaquepaque,Jalisco,2025,12,20.548701678734165,-103.49372728353505
Coyoacán,Ciudad de México,2025,12,18.9434376514803,-98.91415409481576
Nezahualcóyotl,México,2025,8,19.760681976419264,-99.85857828437682
Saltillo,Coahuila De Zaragoza,2025,12,23.191286676786135,-102.4335953597031
Corregidora,Querétaro,2025,12,23.419313637590417,-102.52394959780091
Zamora,Michoacán,2025,9,20.016561967050805,-101.54312883463736
Tijuana,Baja California,2025,9,31.291207146937555,-114.84697026067523
Durango,Durango,2025,9,23.67343788812329,-102.26742790278975
Ixtapan De La Sal,México,2025,8,19.4871372121698,-99.94075962140924
Yautepec,Morelos,2025,10,23.548445521978323,-102.96881686493872
Naucalpan De Juárez,México,2025,11,19.148510771698064,-99.89343595570017
Ahome,Sinaloa,2025,9,23.428664545369916,-102.40492206929974
Chilapa De Álvarez,Guerrero,2025,8,23.77251845607704,-102.94857418651576
San Pedro Tlaquepaque,Jalisco,2025,10,20.911874529437682,-103.35303375279877
Puruándiro,Michoacán,2025,11,19.85807904372585,-101.60995715108311
Azcapotzalco,Ciudad de México,2025,8,19.722218142794553,-99.29895610918304
Bahía De Banderas,Nayarit,2025,11,23.191206103048692,-102.22908779625418
Tijuana,Baja California,2025,8,30.83502030470258,-115.67720174686623
Playas De Rosarito,Baja California,2025,12,30.398158760016642,-115.7086622182642
Acatzingo,Puebla,2025,12,23.649528882323736,-102.27181124379639
Apodaca,Nuevo León,2025,9,25.533730501373377,-100.0007086837938
Cuautitlán,México,2025,12,19.7430041827583,-99.46729760357226
San Pedro Tlaquepaque,Jalisco,2025,10,20.51041501255208,-103.41457266139625
Guadalajara,Jalisco,2025,12,20.276567016427606,-103.6029979667609
Querétaro,Querétaro,2025,11,23.24299168205284,-102.1808976823258
León De Los Aldama,Guanajuato,2025,9,21.28051063171747,-100.95798412103102
Puebla,Puebla,2025,12,23.71821806331626,-102.30530352914558
Zapotlanejo,Jalisco,2025,10,20.260622676122793,-103.57725486277003
Ensenada,Baja California,2026,2,30.424706806114997,-115.19356933313091
Matehuala,San Luis Potosí,2025,12,23.800969131459123,-102.63902610305998
Mexicali,Baja California,2025,11,30.413363006364193,-115.69221792667337
Tijuana,Baja California,2025,9,31.162460059290353,-114.86648642453775
Jaral Del Progreso,Guanajuato,2025,12,21.225242227156496,-101.62058136908104
Degollado,Jalisco,2025,12,20.2408487806419,-102.8991626461792
Puebla,Puebla,2025,9,23.184837714085194,-102.55399422704204
Juárez,Chihuahua,2025,11,24.086639578501178,-102.81486707116139
Valle De Chalco Solidaridad,México,2025,12,19.22957079575612,-99.61379905262164
La Paz,México,2025,11,19.225942147066892,-99.28275416412359
Mazatlán,Sinaloa,2025,11,23.912799567257505,-102.26777511359045
Ocoyoacac,México,2025,10,19.80254857738386,-99.34913885213855
Zapopan,Jalisco,2025,10,21.145501063822874,-103.19061663328928
Ocoyoacac,México,2025,11,19.608678185258942,-99.46342343548214
Compostela,Nayarit,2025,11,23.47625958553092,-102.15080434843468
Chilpancingo De Los Bravo,Guerrero,2025,11,23.18350071669867,-102.75033199114081
Gustavo A. Madero,Ciudad de México,2025,12,19.709746915927436,-99.14377503635686
Chicoloapan,México,2025,9,19.413704249735805,-99.9344905581804
Monterrey,Nuevo León,2025,11,25.516422009246973,-99.50853199200336
Tancítaro,Michoacán,2025,11,19.972854385094738,-101.26274066031338
Iztapalapa,Ciudad de México,2025,12,19.043797482306154,-99.5937731886315
Durango,Durango,2025,11,23.59262510429086,-102.2944248274843
Benito Juárez,Ciudad de México,2025,12,18.94395364476742,-98.70795168258434
Dolores Hidalgo Cuna De La Independencia Nacional,Guanajuato,2025,11,20.987660641994125,-101.57682465487267
Amatitán,Jalisco,2025,12,20.21580327568184,-103.28145476944738
General Enrique Estrada,Zacatecas,2025,11,23.218817916268073,-102.08451170241196
Cuautla,Morelos,2025,9,23.217526246777105,-102.9660540214142
Ecatepec De Morelos,México,2025,8,19.504510302116064,-99.45827973275316
Degollado,Jalisco,2025,12,20.905544879265424,-103.55205099262746
Tequixquiac,México,2026,1,19.43866876509716,-99.23130380462347
Leon,Guanajuato,2026,1,21.48117254847454,-100.78634175483464
Guadalupe,Nuevo León,2026,1,25.467070579523703,-99.55193351088657
Azcapotzalco,Ciudad de México,2026,1,19.218312086281863,-99.15898578334254
Tizayuca,Hidalgo,2026,1,23.96859912818946,-102.13795734901069
Tijuana,Baja California,2026,1,30.564195838519453,-114.93925060146493
Valle De Bravo,México,2026,1,19.81852253944061,-99.83659952675674
Zapopan,Jalisco,2026,1,20.171654474689817,-103.02048452584933
Morelia,Michoacán,2026,1,20.03637882670764,-102.16979236528451
Culiacan,Sinaloa,2026,1,23.143159911950576,-102.40373012151795
Iguala De La Independencia,Guerrero,2026,1,23.991143113698072,-102.7699911627123
Chihuahua,Chihuahua,2026,1,23.627701109086303,-102.87943311422272
Amatlan De Los Reyes,Veracruz,2026,1,24.0929647961193,-102.92304679837079
Tijuana,Baja California,2026,2,30.414396564735398,-115.08751122412185
Guadalupe,Nuevo León,2026,1,25.64605428440132,-100.15632503623193
Manzanillo,Colima,2026,1,24.0693025356191,-102.27523322847124
Poncitlan,Jalisco,2026,1,20.68259784417015,-103.78404365920106
Playas De Rosarito,Baja California,2026,1,30.969998638135262,-115.4685096621694
Tijuana,Baja California,2026,1,31.036348688984617,-115.24430870762467
Valle De Chalco Solidaridad,México,2026,1,19.309841064767774,-99.36497683516103
San Luis Potosi,San Luis Potosí,2026,1,23.727558080084066,-102.68124749706793
Manzanillo,Colima,2026,1,23.684314311923103,-102.37410862356299
Merida,Yucatán,2026,1,24.00115801049099,-102.11402225176381
Guadalupe,Nuevo León,2026,1,25.137646380341454,-99.8803368118177
Comitan De Dominguez,Chiapas,2026,1,23.380963189592233,-102.76704052524637
Ecatepec De Morelos,México,2026,1,19.805711484076557,-100.13129921844346
Matamoros,Tamaulipas,2026,1,23.990263783890917,-102.12990112609907
Celaya,Guanajuato,2026,1,20.974656752785712,-101.73613058914961
Monterrey,Nuevo León,2026,1,25.712332597801534,-99.6214983273158
Puebla,Puebla,2026,1,23.377381182981136,-102.47106286597278
Zapopan,Jalisco,2026,2,20.34762115972376,-102.9103323014871
Tepic,Nayarit,2026,1,23.563698404939984,-102.20121676422633
Boca Del Rio,Veracruz,2026,1,23.453352228026056,-102.00206588946666
Amatlan De Los Reyes,Veracruz,2026,1,23.683656111850873,-102.64928818454828
Tula De Allende,Hidalgo,2026,1,23.177734636964985,-102.23281171106888
Tampico,Tamaulipas,2026,1,24.074394807666167,-102.59806908639075
Pachuca De Soto,Hidalgo,2026,1,24.086210744479605,-102.52012437969609
Venustiano Carranza,Ciudad de México,2026,1,19.630761714019744,-99.00569453678163
Benito Juarez,Ciudad de México,2026,1,19.468696366344123,-98.75952288581367
Xochimilco,Ciudad de México,2026,1,19.24212761628633,-98.64911653080071
Acapulco De Juarez,Guerrero,2026,1,23.91379501970695,-102.23172658613548
Celaya,Guanajuato,2026,1,21.203731172553876,-101.33963321783267
Altamira,Tamaulipas,2026,1,23.26261693934489,-102.57864299772292
Tijuana,Baja California,2026,3,31.251527184493842,-115.04621769841111
Tijuana,Baja California,2026,2,31.163137242923167,-115.5450228542317
Hidalgo,Michoacán,2026,2,20.016299913291924,-102.09632588686861
Villa Guerrero,México,2026,2,19.58101950838836,-99.80107784235922
Marcos Castellanos,Michoacán,2026,2,19.67991519593579,-101.91956100834592
Tijuana,Baja California,2026,2,30.758843036290617,-115.48749187954401
Puebla,Puebla,2026,2,24.032728483354013,-102.76639224895008
Muzquiz,Coahuila De Zaragoza,2026,2,23.96606388950041,-102.95790681036364
Leon,Guanajuato,2026,2,20.564218670106186,-101.73952606526659
Calpulalpan,Tlaxcala,2026,2,23.12636697449725,-102.01227761026396
Mazatlan,Sinaloa,2026,2,23.47646336687805,-102.57222686626413
Ensenada,Baja California,2026,2,31.15115333078183,-115.39947335284032
Tecalitlan,Jalisco,2026,2,21.146776129314947,-103.16975271730693
Hidalgo,Michoacán,2026,3,19.21691689110353,-101.98854611213494
Atenco,México,2026,3,19.449430715352136,-99.20573881604977
Nogales,Sonora,2026,3,23.480890856631024,-102.21365498558445
Tijuana,Baja California,2026,2,31.3105143978146,-115.69438899768774
Tijuana,Baja California,2026,2,31.182718923135706,-115.36621922421507
Tijuana,Baja California,2026,2,31.178928704711137,-114.90468169243783
Irapuato,Guanajuato,2026,2,20.98769315979497,-100.8126679777086
Zapopan,Jalisco,2026,2,20.574319502337666,-103.38199848875013
Cuernavaca,Morelos,2026,2,23.373407071930707,-102.38658861078929
Tuxtla Gutierrez,Chiapas,2026,2,23.156375496650927,-102.83296605390792
Tlalnepantla De Baz,México,2026,2,19.720022376255052,-99.16453137386301
Chihuahua,Chihuahua,2026,3,23.912901009130078,-102.76832829861655
Leon,Guanajuato,2026,2,21.51871767328613,-100.81466822586488
Chilpancingo De Los Bravo,Guerrero,2026,2,24.096636837073905,-102.35035335100763
Tulancingo De Bravo,Hidalgo,2026,2,23.65543170560263,-102.39226320512114
Tepic,Nayarit,2026,2,23.868987415180513,-102.4873114889835
Zapopan,Jalisco,2026,2,21.104265729882428,-103.61873018828224
Cordoba,Veracruz,2026,2,23.949647390677413,-102.8234719679945
Nezahualcoyotl,México,2026,2,19.1026481017432,-99.93521379092982
Monclova,Coahuila De Zaragoza,2026,2,23.550544135310094,-102.81356173785575
Soledad De Graciano Sanchez,San Luis Potosí,2026,2,23.229159415151496,-102.22041552643324
Iztapalapa,Ciudad de México,2026,2,19.886651027258722,-99.28307474083327
Chihuahua,Chihuahua,2026,2,23.706174634450882,-102.9421573234366
El Mante,Tamaulipas,2026,2,23.328642805503463,-102.03089736985919
Saltillo,Coahuila De Zaragoza,2026,2,23.771700684405857,-102.11621411503657
Miguel Hidalgo,Ciudad de México,2026,2,19.550728240457897,-98.70544771680478
Cuauhtemoc,Chihuahua,2026,2,23.458162718032842,-102.00509217735356
Zapopan,Jalisco,2026,2,20.27305759219963,-103.67550475078052
Tuxtla Gutierrez,Chiapas,2026,2,23.7715731955928,-102.60375798109735
Atizapan De Zaragoza,México,2026,2,19.375607700903792,-99.3974615242959
Tlaquepaque,Jalisco,2026,2,20.93181839173564,-103.15337938194621
Monterrey,Nuevo León,2026,2,25.612363501111993,-100.34230409366015
Tlalnepantla De Baz,México,2026,2,19.70748150031854,-99.33986687500938
Zapopan,Jalisco,2026,2,20.711406838774487,-103.62495942816334
Puebla,Puebla,2026,2,23.660937971535386,-102.77618238517738
Guadalupe,Nuevo León,2026,2,25.968853602658342,-99.9592255771066
Acambaro,Guanajuato,2026,3,20.922482866212395,-101.1644600651583
Puebla,Puebla,2026,3,23.23401522845064,-102.41991379216219
San Pedro Garza Garcia,Nuevo León,2026,3,25.120982676313336,-100.40471316260225
Guaymas,Sonora,2026,3,23.855137255673622,-102.12253913736961
